race,pseudoScore,y,canPay,y_all
black,252,-1,TRUE,1
black,258,-1,TRUE,1
black,264,-1,TRUE,1
black,270,-1,TRUE,1
black,276,-1,TRUE,1
black,282,-1,TRUE,1
black,288,-1,TRUE,1
black,288,-2,TRUE,2
black,294,-1,TRUE,1
black,294,-2,TRUE,2
black,300,-1,TRUE,1
black,300,-2,TRUE,2
black,300,-3,TRUE,3
black,306,-1,TRUE,1
black,306,-2,TRUE,2
black,306,-3,TRUE,3
black,312,-1,TRUE,1
black,312,-2,TRUE,2
black,312,-3,TRUE,3
black,318,-1,TRUE,1
black,318,-2,TRUE,2
black,318,-3,TRUE,3
black,318,-4,TRUE,4
black,324,-1,TRUE,1
black,324,-2,TRUE,2
black,324,-3,TRUE,3
black,324,-4,TRUE,4
black,330,-1,TRUE,1
black,330,-2,TRUE,2
black,330,-3,TRUE,3
black,330,-4,TRUE,4
black,336,-1,TRUE,1
black,336,-2,TRUE,2
black,336,-3,TRUE,3
black,336,-4,TRUE,4
black,342,-1,TRUE,1
black,342,-2,TRUE,2
black,342,-3,TRUE,3
black,342,-4,TRUE,4
black,348,-1,TRUE,1
black,348,-2,TRUE,2
black,348,-3,TRUE,3
black,348,-4,TRUE,4
black,354,-1,TRUE,1
black,354,-2,TRUE,2
black,354,-3,TRUE,3
black,354,-4,TRUE,4
black,360,-1,TRUE,1
black,360,-2,TRUE,2
black,360,-3,TRUE,3
black,360,-4,TRUE,4
black,366,-1,TRUE,1
black,366,-2,TRUE,2
black,366,-3,TRUE,3
black,366,-4,TRUE,4
black,372,-1,TRUE,1
black,372,-2,TRUE,2
black,372,-3,TRUE,3
black,372,-4,TRUE,4
black,378,-1,TRUE,1
black,378,-2,TRUE,2
black,378,-3,TRUE,3
black,378,-4,TRUE,4
black,384,-1,TRUE,1
black,384,-2,TRUE,2
black,384,-3,TRUE,3
black,384,-4,TRUE,4
black,390,-1,TRUE,1
black,390,-2,TRUE,2
black,390,-3,TRUE,3
black,390,-4,TRUE,4
black,396,-1,TRUE,1
black,396,-2,TRUE,2
black,396,-3,TRUE,3
black,396,-4,TRUE,4
black,402,-1,TRUE,1
black,402,-2,TRUE,2
black,402,-3,TRUE,3
black,402,-4,TRUE,4
black,408,-1,TRUE,1
black,408,-2,TRUE,2
black,408,-3,TRUE,3
black,408,-4,TRUE,4
black,414,-1,TRUE,1
black,414,-2,TRUE,2
black,414,-3,TRUE,3
black,414,-4,TRUE,4
black,420,-1,TRUE,1
black,420,-2,TRUE,2
black,420,-3,TRUE,3
black,420,-4,TRUE,4
black,426,-1,TRUE,1
black,426,-2,TRUE,2
black,426,-3,TRUE,3
black,426,-4,TRUE,4
black,432,-1,TRUE,1
black,432,-2,TRUE,2
black,432,-3,TRUE,3
black,432,-4,TRUE,4
black,438,-1,TRUE,1
black,438,-2,TRUE,2
black,438,-3,TRUE,3
black,438,-4,TRUE,4
black,444,-1,TRUE,1
black,444,-2,TRUE,2
black,444,-3,TRUE,3
black,450,-1,TRUE,1
black,450,-2,TRUE,2
black,450,-3,TRUE,3
black,450,-4,TRUE,4
black,456,-1,TRUE,1
black,456,-2,TRUE,2
black,456,-3,TRUE,3
black,462,-1,TRUE,1
black,462,-2,TRUE,2
black,462,-3,TRUE,3
black,468,-1,TRUE,1
black,468,-2,TRUE,2
black,468,-3,TRUE,3
black,474,-1,TRUE,1
black,474,-2,TRUE,2
black,474,-3,TRUE,3
black,480,-1,TRUE,1
black,480,-2,TRUE,2
black,480,-3,TRUE,3
black,486,-1,TRUE,1
black,486,-2,TRUE,2
black,486,-3,TRUE,3
black,492,-1,TRUE,1
black,492,-2,TRUE,2
black,492,-3,TRUE,3
black,498,-1,TRUE,1
black,498,-2,TRUE,2
black,504,-1,TRUE,1
black,504,-2,TRUE,2
black,504,-3,TRUE,3
black,510,-1,TRUE,1
black,510,-2,TRUE,2
black,510,-3,TRUE,3
black,516,-1,TRUE,1
black,516,-2,TRUE,2
black,516,-3,TRUE,3
black,522,-1,TRUE,1
black,522,-2,TRUE,2
black,522,-3,TRUE,3
black,528,-1,TRUE,1
black,528,-2,TRUE,2
black,528,-3,TRUE,3
black,534,-1,TRUE,1
black,534,-2,TRUE,2
black,534,-3,TRUE,3
black,540,-1,TRUE,1
black,540,-2,TRUE,2
black,540,-3,TRUE,3
black,546,-1,TRUE,1
black,546,-2,TRUE,2
black,552,-1,TRUE,1
black,552,-2,TRUE,2
black,552,-3,TRUE,3
black,558,-1,TRUE,1
black,558,-2,TRUE,2
black,558,-3,TRUE,3
black,564,-1,TRUE,1
black,564,-2,TRUE,2
black,564,-3,TRUE,3
black,570,-1,TRUE,1
black,570,-2,TRUE,2
black,570,-3,TRUE,3
black,576,-1,TRUE,1
black,576,-2,TRUE,2
black,576,-3,TRUE,3
black,576,-4,TRUE,4
black,582,-1,TRUE,1
black,582,-2,TRUE,2
black,582,-3,TRUE,3
black,588,-1,TRUE,1
black,588,-2,TRUE,2
black,594,-1,TRUE,1
black,594,-2,TRUE,2
black,600,-1,TRUE,1
black,600,-2,TRUE,2
black,600,-3,TRUE,3
black,606,-1,TRUE,1
black,606,-2,TRUE,2
black,606,-3,TRUE,3
black,612,-1,TRUE,1
black,612,-2,TRUE,2
black,612,-3,TRUE,3
black,618,-1,TRUE,1
black,618,-2,TRUE,2
black,618,-3,TRUE,3
black,624,-1,TRUE,1
black,624,-2,TRUE,2
black,624,-3,TRUE,3
black,630,-1,TRUE,1
black,630,-2,TRUE,2
black,630,-3,TRUE,3
black,636,-1,TRUE,1
black,636,-2,TRUE,2
black,642,-1,TRUE,1
black,642,-2,TRUE,2
black,642,-3,TRUE,3
black,648,-1,TRUE,1
black,648,-2,TRUE,2
black,648,-3,TRUE,3
black,654,-1,TRUE,1
black,654,-2,TRUE,2
black,654,-3,TRUE,3
black,660,-1,TRUE,1
black,660,-2,TRUE,2
black,660,-3,TRUE,3
black,666,-1,TRUE,1
black,666,-2,TRUE,2
black,666,-3,TRUE,3
black,672,-1,TRUE,1
black,672,-2,TRUE,2
black,672,-3,TRUE,3
black,678,-1,TRUE,1
black,678,-2,TRUE,2
black,684,-1,TRUE,1
black,684,-2,TRUE,2
black,684,-3,TRUE,3
black,690,-1,TRUE,1
black,690,-2,TRUE,2
black,690,-3,TRUE,3
black,690,-4,TRUE,4
black,696,-1,TRUE,1
black,696,-2,TRUE,2
black,696,-3,TRUE,3
black,696,-4,TRUE,4
black,702,-1,TRUE,1
black,702,-2,TRUE,2
black,702,-3,TRUE,3
black,702,-4,TRUE,4
black,708,-1,TRUE,1
black,708,-2,TRUE,2
black,708,-3,TRUE,3
black,708,-4,TRUE,4
black,714,-1,TRUE,1
black,714,-2,TRUE,2
black,714,-3,TRUE,3
black,714,-4,TRUE,4
black,720,-1,TRUE,1
black,720,-2,TRUE,2
black,720,-3,TRUE,3
black,726,-1,TRUE,1
black,726,-2,TRUE,2
black,726,-3,TRUE,3
black,732,-1,TRUE,1
black,732,-2,TRUE,2
black,732,-3,TRUE,3
black,738,-1,TRUE,1
black,738,-2,TRUE,2
black,738,-3,TRUE,3
black,738,-4,TRUE,4
black,744,-1,TRUE,1
black,744,-2,TRUE,2
black,744,-3,TRUE,3
black,750,-1,TRUE,1
black,750,-2,TRUE,2
black,750,-3,TRUE,3
black,750,-4,TRUE,4
black,756,-1,TRUE,1
black,756,-2,TRUE,2
black,756,-3,TRUE,3
black,762,-1,TRUE,1
black,762,-2,TRUE,2
black,762,-3,TRUE,3
black,762,-4,TRUE,4
black,768,-1,TRUE,1
black,768,-2,TRUE,2
black,768,-3,TRUE,3
black,768,-4,TRUE,4
black,768,-5,TRUE,5
black,774,-1,TRUE,1
black,774,-2,TRUE,2
black,774,-3,TRUE,3
black,774,-4,TRUE,4
black,774,-5,TRUE,5
black,774,-6,TRUE,6
black,780,-1,TRUE,1
black,780,-2,TRUE,2
black,780,-3,TRUE,3
black,780,-4,TRUE,4
black,780,-5,TRUE,5
black,786,-1,TRUE,1
black,786,-2,TRUE,2
black,786,-3,TRUE,3
black,786,-4,TRUE,4
black,786,-5,TRUE,5
black,786,-6,TRUE,6
black,792,-1,TRUE,1
black,792,-2,TRUE,2
black,792,-3,TRUE,3
black,792,-4,TRUE,4
black,792,-5,TRUE,5
black,792,-6,TRUE,6
black,798,-1,TRUE,1
black,798,-2,TRUE,2
black,798,-3,TRUE,3
black,798,-4,TRUE,4
black,804,-1,TRUE,1
black,804,-2,TRUE,2
black,804,-3,TRUE,3
black,804,-4,TRUE,4
black,810,-1,TRUE,1
black,810,-2,TRUE,2
black,810,-3,TRUE,3
black,810,-4,TRUE,4
black,816,-1,TRUE,1
black,816,-2,TRUE,2
black,816,-3,TRUE,3
black,816,-4,TRUE,4
black,822,-1,TRUE,1
black,822,-2,TRUE,2
black,822,-3,TRUE,3
black,822,-4,TRUE,4
black,828,-1,TRUE,1
black,828,-2,TRUE,2
black,828,-3,TRUE,3
black,828,-4,TRUE,4
black,834,-1,TRUE,1
black,834,-2,TRUE,2
black,834,-3,TRUE,3
black,834,-4,TRUE,4
black,834,-5,TRUE,5
black,840,-1,TRUE,1
black,840,-2,TRUE,2
black,840,-3,TRUE,3
black,840,-4,TRUE,4
black,840,-5,TRUE,5
black,846,-1,TRUE,1
black,846,-2,TRUE,2
black,846,-3,TRUE,3
black,846,-4,TRUE,4
black,846,-5,TRUE,5
black,852,-1,TRUE,1
black,852,-2,TRUE,2
black,852,-3,TRUE,3
black,852,-4,TRUE,4
black,852,-5,TRUE,5
black,852,-6,TRUE,6
black,858,-1,TRUE,1
black,858,-2,TRUE,2
black,858,-3,TRUE,3
black,858,-4,TRUE,4
black,858,-5,TRUE,5
black,858,-6,TRUE,6
black,864,-1,TRUE,1
black,864,-2,TRUE,2
black,864,-3,TRUE,3
black,864,-4,TRUE,4
black,864,-5,TRUE,5
black,864,-6,TRUE,6
black,870,-1,TRUE,1
black,870,-2,TRUE,2
black,870,-3,TRUE,3
black,870,-4,TRUE,4
black,870,-5,TRUE,5
black,870,-6,TRUE,6
black,870,-7,TRUE,7
black,876,-1,TRUE,1
black,876,-2,TRUE,2
black,876,-3,TRUE,3
black,876,-4,TRUE,4
black,876,-5,TRUE,5
black,876,-6,TRUE,6
black,876,-7,TRUE,7
black,876,-8,TRUE,8
black,882,-1,TRUE,1
black,882,-2,TRUE,2
black,882,-3,TRUE,3
black,882,-4,TRUE,4
black,882,-5,TRUE,5
black,882,-6,TRUE,6
black,882,-7,TRUE,7
black,882,-8,TRUE,8
black,882,-9,TRUE,9
black,888,-1,TRUE,1
black,888,-2,TRUE,2
black,888,-3,TRUE,3
black,888,-4,TRUE,4
black,888,-5,TRUE,5
black,888,-6,TRUE,6
black,888,-7,TRUE,7
black,888,-8,TRUE,8
black,888,-9,TRUE,9
black,888,-10,TRUE,10
black,894,-1,TRUE,1
black,894,-2,TRUE,2
black,894,-3,TRUE,3
black,894,-4,TRUE,4
black,894,-5,TRUE,5
black,894,-6,TRUE,6
black,894,-7,TRUE,7
black,894,-8,TRUE,8
black,894,-9,TRUE,9
black,894,-10,TRUE,10
black,900,-1,TRUE,1
black,900,-2,TRUE,2
black,900,-3,TRUE,3
black,900,-4,TRUE,4
black,900,-5,TRUE,5
black,900,-6,TRUE,6
black,900,-7,TRUE,7
black,900,-8,TRUE,8
black,900,-9,TRUE,9
black,900,-10,TRUE,10
black,906,-1,TRUE,1
black,906,-2,TRUE,2
black,906,-3,TRUE,3
black,906,-4,TRUE,4
black,906,-5,TRUE,5
black,906,-6,TRUE,6
black,906,-7,TRUE,7
black,906,-8,TRUE,8
black,912,-1,TRUE,1
black,912,-2,TRUE,2
black,912,-3,TRUE,3
black,912,-4,TRUE,4
black,912,-5,TRUE,5
black,912,-6,TRUE,6
black,918,-1,TRUE,1
black,918,-2,TRUE,2
black,918,-3,TRUE,3
white,324,1,TRUE,5
white,336,1,TRUE,5
white,342,1,TRUE,5
white,348,1,TRUE,5
white,354,1,TRUE,5
white,360,1,TRUE,5
white,366,1,TRUE,5
white,372,1,TRUE,5
white,378,1,TRUE,5
white,384,1,TRUE,5
white,390,1,TRUE,5
white,396,1,TRUE,5
white,402,1,TRUE,5
white,408,1,TRUE,5
white,414,1,TRUE,5
white,420,1,TRUE,5
white,426,1,TRUE,5
white,432,1,TRUE,5
white,438,1,TRUE,5
white,444,1,TRUE,4
white,450,1,TRUE,5
white,456,1,TRUE,4
white,462,1,TRUE,4
white,468,1,TRUE,4
white,474,1,TRUE,4
white,480,1,TRUE,4
white,486,1,TRUE,4
white,492,1,TRUE,4
white,498,1,TRUE,3
white,504,1,TRUE,4
white,510,1,TRUE,4
white,516,1,TRUE,4
white,522,1,TRUE,4
white,528,1,TRUE,4
white,534,1,TRUE,4
white,540,1,TRUE,4
white,546,1,TRUE,3
white,552,1,TRUE,4
white,558,1,TRUE,4
white,564,1,TRUE,4
white,570,1,TRUE,4
white,570,2,TRUE,5
white,576,1,TRUE,5
white,582,1,TRUE,4
white,588,1,TRUE,3
white,594,1,TRUE,3
white,600,1,TRUE,4
white,600,2,TRUE,5
white,606,1,TRUE,4
white,606,2,TRUE,5
white,612,1,TRUE,4
white,612,2,TRUE,5
white,618,1,TRUE,4
white,618,2,TRUE,5
white,618,3,TRUE,6
white,624,1,TRUE,4
white,624,2,TRUE,5
white,630,1,TRUE,4
white,636,1,TRUE,3
white,636,2,TRUE,4
white,642,1,TRUE,4
white,642,2,TRUE,5
white,642,3,TRUE,6
white,648,1,TRUE,4
white,648,2,TRUE,5
white,648,3,TRUE,6
white,654,1,TRUE,4
white,654,2,TRUE,5
white,654,3,TRUE,6
white,660,1,TRUE,4
white,660,2,TRUE,5
white,660,3,TRUE,6
white,666,1,TRUE,4
white,666,2,TRUE,5
white,666,3,TRUE,6
white,672,1,TRUE,4
white,672,2,TRUE,5
white,678,1,TRUE,3
white,678,2,TRUE,4
white,684,1,TRUE,4
white,684,2,TRUE,5
white,690,1,TRUE,5
white,690,2,TRUE,6
white,690,3,TRUE,7
white,696,1,TRUE,5
white,696,2,TRUE,6
white,702,1,TRUE,5
white,702,2,TRUE,6
white,708,1,TRUE,5
white,708,2,TRUE,6
white,714,1,TRUE,5
white,714,2,TRUE,6
white,720,1,TRUE,4
white,720,2,TRUE,5
white,726,1,TRUE,4
white,726,2,TRUE,5
white,726,3,TRUE,6
white,732,1,TRUE,4
white,732,2,TRUE,5
white,732,3,TRUE,6
white,738,1,TRUE,5
white,738,2,TRUE,6
white,738,3,TRUE,7
white,744,1,TRUE,4
white,744,2,TRUE,5
white,744,3,TRUE,6
white,750,1,TRUE,5
white,750,2,TRUE,6
white,750,3,TRUE,7
white,750,4,TRUE,8
white,756,1,TRUE,4
white,756,2,TRUE,5
white,756,3,TRUE,6
white,756,4,TRUE,7
white,762,1,TRUE,5
white,762,2,TRUE,6
white,762,3,TRUE,7
white,762,4,TRUE,8
white,768,1,TRUE,6
white,768,2,TRUE,7
white,768,3,TRUE,8
white,768,4,TRUE,9
white,768,5,TRUE,10
white,768,6,TRUE,11
white,774,1,TRUE,7
white,774,2,TRUE,8
white,774,3,TRUE,9
white,774,4,TRUE,10
white,774,5,TRUE,11
white,774,6,TRUE,12
white,780,1,TRUE,6
white,780,2,TRUE,7
white,780,3,TRUE,8
white,780,4,TRUE,9
white,780,5,TRUE,10
white,780,6,TRUE,11
white,780,7,TRUE,12
white,786,1,TRUE,7
white,786,2,TRUE,8
white,786,3,TRUE,9
white,786,4,TRUE,10
white,786,5,TRUE,11
white,786,6,TRUE,12
white,786,7,TRUE,13
white,792,1,TRUE,7
white,792,2,TRUE,8
white,792,3,TRUE,9
white,792,4,TRUE,10
white,792,5,TRUE,11
white,792,6,TRUE,12
white,792,7,TRUE,13
white,798,1,TRUE,5
white,798,2,TRUE,6
white,798,3,TRUE,7
white,798,4,TRUE,8
white,798,5,TRUE,9
white,798,6,TRUE,10
white,804,1,TRUE,5
white,804,2,TRUE,6
white,804,3,TRUE,7
white,804,4,TRUE,8
white,804,5,TRUE,9
white,804,6,TRUE,10
white,804,7,TRUE,11
white,810,1,TRUE,5
white,810,2,TRUE,6
white,810,3,TRUE,7
white,810,4,TRUE,8
white,810,5,TRUE,9
white,810,6,TRUE,10
white,810,7,TRUE,11
white,810,8,TRUE,12
white,816,1,TRUE,5
white,816,2,TRUE,6
white,816,3,TRUE,7
white,816,4,TRUE,8
white,816,5,TRUE,9
white,816,6,TRUE,10
white,816,7,TRUE,11
white,822,1,TRUE,5
white,822,2,TRUE,6
white,822,3,TRUE,7
white,822,4,TRUE,8
white,822,5,TRUE,9
white,822,6,TRUE,10
white,822,7,TRUE,11
white,822,8,TRUE,12
white,828,1,TRUE,5
white,828,2,TRUE,6
white,828,3,TRUE,7
white,828,4,TRUE,8
white,828,5,TRUE,9
white,828,6,TRUE,10
white,828,7,TRUE,11
white,828,8,TRUE,12
white,828,9,TRUE,13
white,834,1,TRUE,6
white,834,2,TRUE,7
white,834,3,TRUE,8
white,834,4,TRUE,9
white,834,5,TRUE,10
white,834,6,TRUE,11
white,834,7,TRUE,12
white,834,8,TRUE,13
white,834,9,TRUE,14
white,834,10,TRUE,15
white,840,1,TRUE,6
white,840,2,TRUE,7
white,840,3,TRUE,8
white,840,4,TRUE,9
white,840,5,TRUE,10
white,840,6,TRUE,11
white,840,7,TRUE,12
white,840,8,TRUE,13
white,840,9,TRUE,14
white,840,10,TRUE,15
white,846,1,TRUE,6
white,846,2,TRUE,7
white,846,3,TRUE,8
white,846,4,TRUE,9
white,846,5,TRUE,10
white,846,6,TRUE,11
white,846,7,TRUE,12
white,846,8,TRUE,13
white,846,9,TRUE,14
white,846,10,TRUE,15
white,846,11,TRUE,16
white,846,12,TRUE,17
white,846,13,TRUE,18
white,852,1,TRUE,7
white,852,2,TRUE,8
white,852,3,TRUE,9
white,852,4,TRUE,10
white,852,5,TRUE,11
white,852,6,TRUE,12
white,852,7,TRUE,13
white,852,8,TRUE,14
white,852,9,TRUE,15
white,852,10,TRUE,16
white,852,11,TRUE,17
white,852,12,TRUE,18
white,852,13,TRUE,19
white,852,14,TRUE,20
white,852,15,TRUE,21
white,858,1,TRUE,7
white,858,2,TRUE,8
white,858,3,TRUE,9
white,858,4,TRUE,10
white,858,5,TRUE,11
white,858,6,TRUE,12
white,858,7,TRUE,13
white,858,8,TRUE,14
white,858,9,TRUE,15
white,858,10,TRUE,16
white,858,11,TRUE,17
white,858,12,TRUE,18
white,858,13,TRUE,19
white,858,14,TRUE,20
white,858,15,TRUE,21
white,858,16,TRUE,22
white,858,17,TRUE,23
white,864,1,TRUE,7
white,864,2,TRUE,8
white,864,3,TRUE,9
white,864,4,TRUE,10
white,864,5,TRUE,11
white,864,6,TRUE,12
white,864,7,TRUE,13
white,864,8,TRUE,14
white,864,9,TRUE,15
white,864,10,TRUE,16
white,864,11,TRUE,17
white,864,12,TRUE,18
white,864,13,TRUE,19
white,864,14,TRUE,20
white,864,15,TRUE,21
white,864,16,TRUE,22
white,864,17,TRUE,23
white,864,18,TRUE,24
white,864,19,TRUE,25
white,870,1,TRUE,8
white,870,2,TRUE,9
white,870,3,TRUE,10
white,870,4,TRUE,11
white,870,5,TRUE,12
white,870,6,TRUE,13
white,870,7,TRUE,14
white,870,8,TRUE,15
white,870,9,TRUE,16
white,870,10,TRUE,17
white,870,11,TRUE,18
white,870,12,TRUE,19
white,870,13,TRUE,20
white,870,14,TRUE,21
white,870,15,TRUE,22
white,870,16,TRUE,23
white,870,17,TRUE,24
white,870,18,TRUE,25
white,870,19,TRUE,26
white,870,20,TRUE,27
white,870,21,TRUE,28
white,870,22,TRUE,29
white,876,1,TRUE,9
white,876,2,TRUE,10
white,876,3,TRUE,11
white,876,4,TRUE,12
white,876,5,TRUE,13
white,876,6,TRUE,14
white,876,7,TRUE,15
white,876,8,TRUE,16
white,876,9,TRUE,17
white,876,10,TRUE,18
white,876,11,TRUE,19
white,876,12,TRUE,20
white,876,13,TRUE,21
white,876,14,TRUE,22
white,876,15,TRUE,23
white,876,16,TRUE,24
white,876,17,TRUE,25
white,876,18,TRUE,26
white,876,19,TRUE,27
white,876,20,TRUE,28
white,876,21,TRUE,29
white,876,22,TRUE,30
white,876,23,TRUE,31
white,876,24,TRUE,32
white,876,25,TRUE,33
white,876,26,TRUE,34
white,876,27,TRUE,35
white,882,1,TRUE,10
white,882,2,TRUE,11
white,882,3,TRUE,12
white,882,4,TRUE,13
white,882,5,TRUE,14
white,882,6,TRUE,15
white,882,7,TRUE,16
white,882,8,TRUE,17
white,882,9,TRUE,18
white,882,10,TRUE,19
white,882,11,TRUE,20
white,882,12,TRUE,21
white,882,13,TRUE,22
white,882,14,TRUE,23
white,882,15,TRUE,24
white,882,16,TRUE,25
white,882,17,TRUE,26
white,882,18,TRUE,27
white,882,19,TRUE,28
white,882,20,TRUE,29
white,882,21,TRUE,30
white,882,22,TRUE,31
white,882,23,TRUE,32
white,882,24,TRUE,33
white,882,25,TRUE,34
white,882,26,TRUE,35
white,882,27,TRUE,36
white,882,28,TRUE,37
white,882,29,TRUE,38
white,882,30,TRUE,39
white,882,31,TRUE,40
white,882,32,TRUE,41
white,882,33,TRUE,42
white,882,34,TRUE,43
white,882,35,TRUE,44
white,882,36,TRUE,45
white,882,37,TRUE,46
white,882,38,TRUE,47
white,882,39,TRUE,48
white,888,1,TRUE,11
white,888,2,TRUE,12
white,888,3,TRUE,13
white,888,4,TRUE,14
white,888,5,TRUE,15
white,888,6,TRUE,16
white,888,7,TRUE,17
white,888,8,TRUE,18
white,888,9,TRUE,19
white,888,10,TRUE,20
white,888,11,TRUE,21
white,888,12,TRUE,22
white,888,13,TRUE,23
white,888,14,TRUE,24
white,888,15,TRUE,25
white,888,16,TRUE,26
white,888,17,TRUE,27
white,888,18,TRUE,28
white,888,19,TRUE,29
white,888,20,TRUE,30
white,888,21,TRUE,31
white,888,22,TRUE,32
white,888,23,TRUE,33
white,888,24,TRUE,34
white,888,25,TRUE,35
white,888,26,TRUE,36
white,888,27,TRUE,37
white,888,28,TRUE,38
white,888,29,TRUE,39
white,888,30,TRUE,40
white,888,31,TRUE,41
white,888,32,TRUE,42
white,888,33,TRUE,43
white,888,34,TRUE,44
white,888,35,TRUE,45
white,888,36,TRUE,46
white,888,37,TRUE,47
white,888,38,TRUE,48
white,888,39,TRUE,49
white,888,40,TRUE,50
white,888,41,TRUE,51
white,888,42,TRUE,52
white,888,43,TRUE,53
white,888,44,TRUE,54
white,888,45,TRUE,55
white,888,46,TRUE,56
white,888,47,TRUE,57
white,888,48,TRUE,58
white,888,49,TRUE,59
white,888,50,TRUE,60
white,894,1,TRUE,11
white,894,2,TRUE,12
white,894,3,TRUE,13
white,894,4,TRUE,14
white,894,5,TRUE,15
white,894,6,TRUE,16
white,894,7,TRUE,17
white,894,8,TRUE,18
white,894,9,TRUE,19
white,894,10,TRUE,20
white,894,11,TRUE,21
white,894,12,TRUE,22
white,894,13,TRUE,23
white,894,14,TRUE,24
white,894,15,TRUE,25
white,894,16,TRUE,26
white,894,17,TRUE,27
white,894,18,TRUE,28
white,894,19,TRUE,29
white,894,20,TRUE,30
white,894,21,TRUE,31
white,894,22,TRUE,32
white,894,23,TRUE,33
white,894,24,TRUE,34
white,894,25,TRUE,35
white,894,26,TRUE,36
white,894,27,TRUE,37
white,894,28,TRUE,38
white,894,29,TRUE,39
white,894,30,TRUE,40
white,894,31,TRUE,41
white,894,32,TRUE,42
white,894,33,TRUE,43
white,894,34,TRUE,44
white,894,35,TRUE,45
white,894,36,TRUE,46
white,894,37,TRUE,47
white,894,38,TRUE,48
white,894,39,TRUE,49
white,894,40,TRUE,50
white,894,41,TRUE,51
white,894,42,TRUE,52
white,894,43,TRUE,53
white,894,44,TRUE,54
white,894,45,TRUE,55
white,894,46,TRUE,56
white,894,47,TRUE,57
white,894,48,TRUE,58
white,894,49,TRUE,59
white,894,50,TRUE,60
white,894,51,TRUE,61
white,894,52,TRUE,62
white,894,53,TRUE,63
white,894,54,TRUE,64
white,900,1,TRUE,11
white,900,2,TRUE,12
white,900,3,TRUE,13
white,900,4,TRUE,14
white,900,5,TRUE,15
white,900,6,TRUE,16
white,900,7,TRUE,17
white,900,8,TRUE,18
white,900,9,TRUE,19
white,900,10,TRUE,20
white,900,11,TRUE,21
white,900,12,TRUE,22
white,900,13,TRUE,23
white,900,14,TRUE,24
white,900,15,TRUE,25
white,900,16,TRUE,26
white,900,17,TRUE,27
white,900,18,TRUE,28
white,900,19,TRUE,29
white,900,20,TRUE,30
white,900,21,TRUE,31
white,900,22,TRUE,32
white,900,23,TRUE,33
white,900,24,TRUE,34
white,900,25,TRUE,35
white,900,26,TRUE,36
white,900,27,TRUE,37
white,900,28,TRUE,38
white,900,29,TRUE,39
white,900,30,TRUE,40
white,900,31,TRUE,41
white,900,32,TRUE,42
white,900,33,TRUE,43
white,900,34,TRUE,44
white,900,35,TRUE,45
white,900,36,TRUE,46
white,900,37,TRUE,47
white,900,38,TRUE,48
white,900,39,TRUE,49
white,900,40,TRUE,50
white,900,41,TRUE,51
white,900,42,TRUE,52
white,900,43,TRUE,53
white,900,44,TRUE,54
white,900,45,TRUE,55
white,900,46,TRUE,56
white,900,47,TRUE,57
white,900,48,TRUE,58
white,900,49,TRUE,59
white,900,50,TRUE,60
white,900,51,TRUE,61
white,900,52,TRUE,62
white,900,53,TRUE,63
white,900,54,TRUE,64
white,906,1,TRUE,9
white,906,2,TRUE,10
white,906,3,TRUE,11
white,906,4,TRUE,12
white,906,5,TRUE,13
white,906,6,TRUE,14
white,906,7,TRUE,15
white,906,8,TRUE,16
white,906,9,TRUE,17
white,906,10,TRUE,18
white,906,11,TRUE,19
white,906,12,TRUE,20
white,906,13,TRUE,21
white,906,14,TRUE,22
white,906,15,TRUE,23
white,906,16,TRUE,24
white,906,17,TRUE,25
white,906,18,TRUE,26
white,906,19,TRUE,27
white,906,20,TRUE,28
white,906,21,TRUE,29
white,906,22,TRUE,30
white,906,23,TRUE,31
white,906,24,TRUE,32
white,906,25,TRUE,33
white,906,26,TRUE,34
white,906,27,TRUE,35
white,906,28,TRUE,36
white,906,29,TRUE,37
white,906,30,TRUE,38
white,906,31,TRUE,39
white,906,32,TRUE,40
white,906,33,TRUE,41
white,906,34,TRUE,42
white,906,35,TRUE,43
white,906,36,TRUE,44
white,906,37,TRUE,45
white,906,38,TRUE,46
white,906,39,TRUE,47
white,906,40,TRUE,48
white,906,41,TRUE,49
white,906,42,TRUE,50
white,906,43,TRUE,51
white,906,44,TRUE,52
white,906,45,TRUE,53
white,906,46,TRUE,54
white,906,47,TRUE,55
white,912,1,TRUE,7
white,912,2,TRUE,8
white,912,3,TRUE,9
white,912,4,TRUE,10
white,912,5,TRUE,11
white,912,6,TRUE,12
white,912,7,TRUE,13
white,912,8,TRUE,14
white,912,9,TRUE,15
white,912,10,TRUE,16
white,912,11,TRUE,17
white,912,12,TRUE,18
white,912,13,TRUE,19
white,912,14,TRUE,20
white,912,15,TRUE,21
white,912,16,TRUE,22
white,912,17,TRUE,23
white,912,18,TRUE,24
white,912,19,TRUE,25
white,912,20,TRUE,26
white,912,21,TRUE,27
white,912,22,TRUE,28
white,912,23,TRUE,29
white,912,24,TRUE,30
white,912,25,TRUE,31
white,912,26,TRUE,32
white,912,27,TRUE,33
white,912,28,TRUE,34
white,912,29,TRUE,35
white,912,30,TRUE,36
white,912,31,TRUE,37
white,912,32,TRUE,38
white,912,33,TRUE,39
white,918,1,TRUE,4
white,918,2,TRUE,5
white,918,3,TRUE,6
white,918,4,TRUE,7
white,918,5,TRUE,8
white,918,6,TRUE,9
white,918,7,TRUE,10
white,918,8,TRUE,11
white,918,9,TRUE,12
white,918,10,TRUE,13
white,918,11,TRUE,14
white,918,12,TRUE,15
white,918,13,TRUE,16
white,918,14,TRUE,17
white,918,15,TRUE,18
white,918,16,TRUE,19
white,918,17,TRUE,20
white,918,18,TRUE,21
white,924,1,TRUE,1
white,924,2,TRUE,2
white,924,3,TRUE,3
white,924,4,TRUE,4
white,924,5,TRUE,5
white,924,6,TRUE,6
white,924,7,TRUE,7
white,924,8,TRUE,8
white,924,9,TRUE,9
white,924,10,TRUE,10
white,924,11,TRUE,11
white,930,1,TRUE,1
white,930,2,TRUE,2
white,930,3,TRUE,3
white,930,4,TRUE,4
white,930,5,TRUE,5
black,198,-1,FALSE,1
black,204,-1,FALSE,1
black,210,-1,FALSE,1
black,216,-1,FALSE,1
black,222,-1,FALSE,1
black,222,-2,FALSE,2
black,222,-3,FALSE,3
black,222,-4,FALSE,4
black,228,-1,FALSE,1
black,228,-2,FALSE,2
black,228,-3,FALSE,3
black,228,-4,FALSE,4
black,234,-1,FALSE,1
black,234,-2,FALSE,2
black,234,-3,FALSE,3
black,240,-1,FALSE,1
black,240,-2,FALSE,2
black,240,-3,FALSE,3
black,246,-1,FALSE,1
black,246,-2,FALSE,2
black,252,-2,FALSE,2
black,252,-3,FALSE,3
black,252,-4,FALSE,4
black,258,-2,FALSE,2
black,258,-3,FALSE,3
black,258,-4,FALSE,4
black,264,-2,FALSE,2
black,264,-3,FALSE,3
black,264,-4,FALSE,4
black,270,-2,FALSE,2
black,270,-3,FALSE,3
black,270,-4,FALSE,4
black,276,-2,FALSE,2
black,276,-3,FALSE,3
black,276,-4,FALSE,4
black,276,-5,FALSE,5
black,276,-6,FALSE,6
black,282,-2,FALSE,2
black,282,-3,FALSE,3
black,282,-4,FALSE,4
black,282,-5,FALSE,5
black,282,-6,FALSE,6
black,282,-7,FALSE,7
black,288,-3,FALSE,3
black,288,-4,FALSE,4
black,288,-5,FALSE,5
black,288,-6,FALSE,6
black,288,-7,FALSE,7
black,288,-8,FALSE,8
black,294,-3,FALSE,3
black,294,-4,FALSE,4
black,294,-5,FALSE,5
black,294,-6,FALSE,6
black,294,-7,FALSE,7
black,294,-8,FALSE,8
black,294,-9,FALSE,9
black,294,-10,FALSE,10
black,300,-4,FALSE,4
black,300,-5,FALSE,5
black,300,-6,FALSE,6
black,300,-7,FALSE,7
black,300,-8,FALSE,8
black,300,-9,FALSE,9
black,300,-10,FALSE,10
black,300,-11,FALSE,11
black,306,-4,FALSE,4
black,306,-5,FALSE,5
black,306,-6,FALSE,6
black,306,-7,FALSE,7
black,306,-8,FALSE,8
black,306,-9,FALSE,9
black,306,-10,FALSE,10
black,306,-11,FALSE,11
black,306,-12,FALSE,12
black,306,-13,FALSE,13
black,312,-4,FALSE,4
black,312,-5,FALSE,5
black,312,-6,FALSE,6
black,312,-7,FALSE,7
black,312,-8,FALSE,8
black,312,-9,FALSE,9
black,312,-10,FALSE,10
black,312,-11,FALSE,11
black,312,-12,FALSE,12
black,318,-5,FALSE,5
black,318,-6,FALSE,6
black,318,-7,FALSE,7
black,318,-8,FALSE,8
black,318,-9,FALSE,9
black,318,-10,FALSE,10
black,318,-11,FALSE,11
black,318,-12,FALSE,12
black,318,-13,FALSE,13
black,324,-5,FALSE,6
black,324,-6,FALSE,7
black,324,-7,FALSE,8
black,324,-8,FALSE,9
black,324,-9,FALSE,10
black,324,-10,FALSE,11
black,324,-11,FALSE,12
black,324,-12,FALSE,13
black,324,-13,FALSE,14
black,324,-14,FALSE,15
black,330,-5,FALSE,5
black,330,-6,FALSE,6
black,330,-7,FALSE,7
black,330,-8,FALSE,8
black,330,-9,FALSE,9
black,330,-10,FALSE,10
black,330,-11,FALSE,11
black,330,-12,FALSE,12
black,330,-13,FALSE,13
black,336,-5,FALSE,6
black,336,-6,FALSE,7
black,336,-7,FALSE,8
black,336,-8,FALSE,9
black,336,-9,FALSE,10
black,336,-10,FALSE,11
black,336,-11,FALSE,12
black,336,-12,FALSE,13
black,342,-5,FALSE,6
black,342,-6,FALSE,7
black,342,-7,FALSE,8
black,342,-8,FALSE,9
black,342,-9,FALSE,10
black,342,-10,FALSE,11
black,342,-11,FALSE,12
black,342,-12,FALSE,13
black,348,-5,FALSE,6
black,348,-6,FALSE,7
black,348,-7,FALSE,8
black,348,-8,FALSE,9
black,348,-9,FALSE,10
black,348,-10,FALSE,11
black,348,-11,FALSE,12
black,348,-12,FALSE,13
black,348,-13,FALSE,14
black,354,-5,FALSE,6
black,354,-6,FALSE,7
black,354,-7,FALSE,8
black,354,-8,FALSE,9
black,354,-9,FALSE,10
black,354,-10,FALSE,11
black,354,-11,FALSE,12
black,354,-12,FALSE,13
black,360,-5,FALSE,6
black,360,-6,FALSE,7
black,360,-7,FALSE,8
black,360,-8,FALSE,9
black,360,-9,FALSE,10
black,360,-10,FALSE,11
black,360,-11,FALSE,12
black,360,-12,FALSE,13
black,360,-13,FALSE,14
black,366,-5,FALSE,6
black,366,-6,FALSE,7
black,366,-7,FALSE,8
black,366,-8,FALSE,9
black,366,-9,FALSE,10
black,366,-10,FALSE,11
black,366,-11,FALSE,12
black,366,-12,FALSE,13
black,372,-5,FALSE,6
black,372,-6,FALSE,7
black,372,-7,FALSE,8
black,372,-8,FALSE,9
black,372,-9,FALSE,10
black,372,-10,FALSE,11
black,372,-11,FALSE,12
black,372,-12,FALSE,13
black,372,-13,FALSE,14
black,378,-5,FALSE,6
black,378,-6,FALSE,7
black,378,-7,FALSE,8
black,378,-8,FALSE,9
black,378,-9,FALSE,10
black,378,-10,FALSE,11
black,378,-11,FALSE,12
black,378,-12,FALSE,13
black,384,-5,FALSE,6
black,384,-6,FALSE,7
black,384,-7,FALSE,8
black,384,-8,FALSE,9
black,384,-9,FALSE,10
black,384,-10,FALSE,11
black,384,-11,FALSE,12
black,384,-12,FALSE,13
black,390,-5,FALSE,6
black,390,-6,FALSE,7
black,390,-7,FALSE,8
black,390,-8,FALSE,9
black,390,-9,FALSE,10
black,390,-10,FALSE,11
black,390,-11,FALSE,12
black,396,-5,FALSE,6
black,396,-6,FALSE,7
black,396,-7,FALSE,8
black,396,-8,FALSE,9
black,396,-9,FALSE,10
black,396,-10,FALSE,11
black,396,-11,FALSE,12
black,396,-12,FALSE,13
black,402,-5,FALSE,6
black,402,-6,FALSE,7
black,402,-7,FALSE,8
black,402,-8,FALSE,9
black,402,-9,FALSE,10
black,402,-10,FALSE,11
black,402,-11,FALSE,12
black,408,-5,FALSE,6
black,408,-6,FALSE,7
black,408,-7,FALSE,8
black,408,-8,FALSE,9
black,408,-9,FALSE,10
black,408,-10,FALSE,11
black,408,-11,FALSE,12
black,408,-12,FALSE,13
black,414,-5,FALSE,6
black,414,-6,FALSE,7
black,414,-7,FALSE,8
black,414,-8,FALSE,9
black,414,-9,FALSE,10
black,414,-10,FALSE,11
black,414,-11,FALSE,12
black,420,-5,FALSE,6
black,420,-6,FALSE,7
black,420,-7,FALSE,8
black,420,-8,FALSE,9
black,420,-9,FALSE,10
black,420,-10,FALSE,11
black,420,-11,FALSE,12
black,426,-5,FALSE,6
black,426,-6,FALSE,7
black,426,-7,FALSE,8
black,426,-8,FALSE,9
black,426,-9,FALSE,10
black,426,-10,FALSE,11
black,426,-11,FALSE,12
black,432,-5,FALSE,6
black,432,-6,FALSE,7
black,432,-7,FALSE,8
black,432,-8,FALSE,9
black,432,-9,FALSE,10
black,432,-10,FALSE,11
black,432,-11,FALSE,12
black,438,-5,FALSE,6
black,438,-6,FALSE,7
black,438,-7,FALSE,8
black,438,-8,FALSE,9
black,438,-9,FALSE,10
black,438,-10,FALSE,11
black,444,-4,FALSE,5
black,444,-5,FALSE,6
black,444,-6,FALSE,7
black,444,-7,FALSE,8
black,444,-8,FALSE,9
black,444,-9,FALSE,10
black,450,-5,FALSE,6
black,450,-6,FALSE,7
black,450,-7,FALSE,8
black,450,-8,FALSE,9
black,450,-9,FALSE,10
black,450,-10,FALSE,11
black,456,-4,FALSE,5
black,456,-5,FALSE,6
black,456,-6,FALSE,7
black,456,-7,FALSE,8
black,456,-8,FALSE,9
black,462,-4,FALSE,5
black,462,-5,FALSE,6
black,462,-6,FALSE,7
black,462,-7,FALSE,8
black,468,-4,FALSE,5
black,468,-5,FALSE,6
black,468,-6,FALSE,7
black,468,-7,FALSE,8
black,468,-8,FALSE,9
black,474,-4,FALSE,5
black,474,-5,FALSE,6
black,474,-6,FALSE,7
black,474,-7,FALSE,8
black,474,-8,FALSE,9
black,480,-4,FALSE,5
black,480,-5,FALSE,6
black,480,-6,FALSE,7
black,480,-7,FALSE,8
black,480,-8,FALSE,9
black,486,-4,FALSE,5
black,486,-5,FALSE,6
black,486,-6,FALSE,7
black,486,-7,FALSE,8
black,486,-8,FALSE,9
black,492,-4,FALSE,5
black,492,-5,FALSE,6
black,492,-6,FALSE,7
black,492,-7,FALSE,8
black,498,-3,FALSE,4
black,498,-4,FALSE,5
black,498,-5,FALSE,6
black,498,-6,FALSE,7
black,504,-4,FALSE,5
black,504,-5,FALSE,6
black,504,-6,FALSE,7
black,504,-7,FALSE,8
black,510,-4,FALSE,5
black,510,-5,FALSE,6
black,510,-6,FALSE,7
black,516,-4,FALSE,5
black,516,-5,FALSE,6
black,516,-6,FALSE,7
black,522,-4,FALSE,5
black,522,-5,FALSE,6
black,522,-6,FALSE,7
black,528,-4,FALSE,5
black,528,-5,FALSE,6
black,528,-6,FALSE,7
black,528,-7,FALSE,8
black,534,-4,FALSE,5
black,534,-5,FALSE,6
black,534,-6,FALSE,7
black,540,-4,FALSE,5
black,540,-5,FALSE,6
black,540,-6,FALSE,7
black,546,-3,FALSE,4
black,546,-4,FALSE,5
black,546,-5,FALSE,6
black,552,-4,FALSE,5
black,552,-5,FALSE,6
black,552,-6,FALSE,7
black,558,-4,FALSE,5
black,558,-5,FALSE,6
black,558,-6,FALSE,7
black,564,-4,FALSE,5
black,564,-5,FALSE,6
black,564,-6,FALSE,7
black,570,-4,FALSE,6
black,570,-5,FALSE,7
black,570,-6,FALSE,8
black,576,-5,FALSE,6
black,576,-6,FALSE,7
black,576,-7,FALSE,8
black,582,-4,FALSE,5
black,582,-5,FALSE,6
black,582,-6,FALSE,7
black,588,-3,FALSE,4
black,588,-4,FALSE,5
black,588,-5,FALSE,6
black,594,-3,FALSE,4
black,594,-4,FALSE,5
black,594,-5,FALSE,6
black,600,-4,FALSE,6
black,600,-5,FALSE,7
black,606,-4,FALSE,6
black,606,-5,FALSE,7
black,606,-6,FALSE,8
black,612,-4,FALSE,6
black,612,-5,FALSE,7
black,618,-4,FALSE,7
black,618,-5,FALSE,8
black,618,-6,FALSE,9
black,624,-4,FALSE,6
black,624,-5,FALSE,7
black,630,-4,FALSE,5
black,630,-5,FALSE,6
black,636,-3,FALSE,5
black,636,-4,FALSE,6
black,642,-4,FALSE,7
black,642,-5,FALSE,8
black,648,-4,FALSE,7
black,648,-5,FALSE,8
black,654,-4,FALSE,7
black,654,-5,FALSE,8
black,660,-4,FALSE,7
black,660,-5,FALSE,8
black,666,-4,FALSE,7
black,666,-5,FALSE,8
black,672,-4,FALSE,6
black,672,-5,FALSE,7
black,678,-3,FALSE,5
black,678,-4,FALSE,6
black,684,-4,FALSE,6
black,684,-5,FALSE,7
black,690,-5,FALSE,8
black,690,-6,FALSE,9
black,696,-5,FALSE,7
black,696,-6,FALSE,8
black,702,-5,FALSE,7
black,702,-6,FALSE,8
black,708,-5,FALSE,7
black,708,-6,FALSE,8
black,714,-5,FALSE,7
black,714,-6,FALSE,8
black,720,-4,FALSE,6
black,720,-5,FALSE,7
black,726,-4,FALSE,7
black,726,-5,FALSE,8
black,732,-4,FALSE,7
black,732,-5,FALSE,8
black,738,-5,FALSE,8
black,738,-6,FALSE,9
black,744,-4,FALSE,7
black,744,-5,FALSE,8
black,750,-5,FALSE,9
black,750,-6,FALSE,10
black,756,-4,FALSE,8
black,756,-5,FALSE,9
black,762,-5,FALSE,9
black,762,-6,FALSE,10
black,768,-6,FALSE,12
black,768,-7,FALSE,13
black,774,-7,FALSE,13
black,774,-8,FALSE,14
black,780,-6,FALSE,13
black,780,-7,FALSE,14
black,786,-7,FALSE,14
black,786,-8,FALSE,15
black,792,-7,FALSE,14
black,792,-8,FALSE,15
black,798,-5,FALSE,11
black,798,-6,FALSE,12
black,804,-5,FALSE,12
black,804,-6,FALSE,13
black,810,-5,FALSE,13
black,810,-6,FALSE,14
black,816,-5,FALSE,12
black,816,-6,FALSE,13
black,822,-5,FALSE,13
black,822,-6,FALSE,14
black,828,-5,FALSE,14
black,828,-6,FALSE,15
black,834,-6,FALSE,16
black,834,-7,FALSE,17
black,840,-6,FALSE,16
black,840,-7,FALSE,17
black,846,-6,FALSE,19
black,846,-7,FALSE,20
black,852,-7,FALSE,22
black,852,-8,FALSE,23
black,858,-7,FALSE,24
black,858,-8,FALSE,25
black,864,-7,FALSE,26
black,864,-8,FALSE,27
black,870,-8,FALSE,30
black,870,-9,FALSE,31
black,876,-9,FALSE,36
black,876,-10,FALSE,37
black,882,-10,FALSE,49
black,882,-11,FALSE,50
black,888,-11,FALSE,61
black,888,-12,FALSE,62
black,894,-11,FALSE,65
black,894,-12,FALSE,66
black,900,-11,FALSE,65
black,900,-12,FALSE,66
black,906,-9,FALSE,56
black,912,-7,FALSE,40
black,918,-4,FALSE,22
white,198,1,FALSE,2
white,204,1,FALSE,2
white,210,1,FALSE,2
white,216,1,FALSE,2
white,222,1,FALSE,5
white,228,1,FALSE,5
white,228,2,FALSE,6
white,234,1,FALSE,4
white,234,2,FALSE,5
white,240,1,FALSE,4
white,240,2,FALSE,5
white,246,1,FALSE,3
white,246,2,FALSE,4
white,252,1,FALSE,5
white,252,2,FALSE,6
white,258,1,FALSE,5
white,258,2,FALSE,6
white,264,1,FALSE,5
white,264,2,FALSE,6
white,270,1,FALSE,5
white,270,2,FALSE,6
white,276,1,FALSE,7
white,276,2,FALSE,8
white,282,1,FALSE,8
white,282,2,FALSE,9
white,282,3,FALSE,10
white,288,1,FALSE,9
white,288,2,FALSE,10
white,294,1,FALSE,11
white,294,2,FALSE,12
white,300,1,FALSE,12
white,300,2,FALSE,13
white,300,3,FALSE,14
white,306,1,FALSE,14
white,306,2,FALSE,15
white,306,3,FALSE,16
white,312,1,FALSE,13
white,312,2,FALSE,14
white,312,3,FALSE,15
white,318,1,FALSE,14
white,318,2,FALSE,15
white,318,3,FALSE,16
white,324,2,FALSE,16
white,324,3,FALSE,17
white,324,4,FALSE,18
white,330,1,FALSE,14
white,330,2,FALSE,15
white,330,3,FALSE,16
white,336,2,FALSE,14
white,336,3,FALSE,15
white,336,4,FALSE,16
white,342,2,FALSE,14
white,342,3,FALSE,15
white,342,4,FALSE,16
white,348,2,FALSE,15
white,348,3,FALSE,16
white,348,4,FALSE,17
white,354,2,FALSE,14
white,354,3,FALSE,15
white,354,4,FALSE,16
white,360,2,FALSE,15
white,360,3,FALSE,16
white,360,4,FALSE,17
white,360,5,FALSE,18
white,366,2,FALSE,14
white,366,3,FALSE,15
white,366,4,FALSE,16
white,372,2,FALSE,15
white,372,3,FALSE,16
white,372,4,FALSE,17
white,378,2,FALSE,14
white,378,3,FALSE,15
white,384,2,FALSE,14
white,384,3,FALSE,15
white,384,4,FALSE,16
white,390,2,FALSE,13
white,390,3,FALSE,14
white,390,4,FALSE,15
white,396,2,FALSE,14
white,396,3,FALSE,15
white,396,4,FALSE,16
white,402,2,FALSE,13
white,402,3,FALSE,14
white,402,4,FALSE,15
white,408,2,FALSE,14
white,408,3,FALSE,15
white,408,4,FALSE,16
white,414,2,FALSE,13
white,414,3,FALSE,14
white,414,4,FALSE,15
white,420,2,FALSE,13
white,420,3,FALSE,14
white,420,4,FALSE,15
white,426,2,FALSE,13
white,426,3,FALSE,14
white,426,4,FALSE,15
white,432,2,FALSE,13
white,432,3,FALSE,14
white,432,4,FALSE,15
white,438,2,FALSE,12
white,438,3,FALSE,13
white,438,4,FALSE,14
white,444,2,FALSE,11
white,444,3,FALSE,12
white,444,4,FALSE,13
white,450,2,FALSE,12
white,450,3,FALSE,13
white,450,4,FALSE,14
white,456,2,FALSE,10
white,456,3,FALSE,11
white,456,4,FALSE,12
white,462,2,FALSE,9
white,462,3,FALSE,10
white,468,2,FALSE,10
white,468,3,FALSE,11
white,474,2,FALSE,10
white,474,3,FALSE,11
white,480,2,FALSE,10
white,480,3,FALSE,11
white,480,4,FALSE,12
white,486,2,FALSE,10
white,486,3,FALSE,11
white,492,2,FALSE,9
white,492,3,FALSE,10
white,498,2,FALSE,8
white,498,3,FALSE,9
white,498,4,FALSE,10
white,504,2,FALSE,9
white,504,3,FALSE,10
white,510,2,FALSE,8
white,510,3,FALSE,9
white,516,2,FALSE,8
white,516,3,FALSE,9
white,522,2,FALSE,8
white,522,3,FALSE,9
white,528,2,FALSE,9
white,528,3,FALSE,10
white,534,2,FALSE,8
white,534,3,FALSE,9
white,540,2,FALSE,8
white,546,2,FALSE,7
white,546,3,FALSE,8
white,552,2,FALSE,8
white,552,3,FALSE,9
white,558,2,FALSE,8
white,558,3,FALSE,9
white,564,2,FALSE,8
white,564,3,FALSE,9
white,570,3,FALSE,9
white,570,4,FALSE,10
white,576,2,FALSE,9
white,576,3,FALSE,10
white,582,2,FALSE,8
white,582,3,FALSE,9
white,588,2,FALSE,7
white,588,3,FALSE,8
white,594,2,FALSE,7
white,594,3,FALSE,8
white,600,3,FALSE,8
white,600,4,FALSE,9
white,606,3,FALSE,9
white,606,4,FALSE,10
white,612,3,FALSE,8
white,612,4,FALSE,9
white,618,4,FALSE,10
white,618,5,FALSE,11
white,624,3,FALSE,8
white,624,4,FALSE,9
white,630,2,FALSE,7
white,630,3,FALSE,8
white,636,3,FALSE,7
white,636,4,FALSE,8
white,642,4,FALSE,9
white,642,5,FALSE,10
white,648,4,FALSE,9
white,648,5,FALSE,10
white,654,4,FALSE,9
white,654,5,FALSE,10
white,660,4,FALSE,9
white,660,5,FALSE,10
white,666,4,FALSE,9
white,666,5,FALSE,10
white,672,3,FALSE,8
white,672,4,FALSE,9
white,678,3,FALSE,7
white,678,4,FALSE,8
white,684,3,FALSE,8
white,684,4,FALSE,9
white,690,4,FALSE,10
white,690,5,FALSE,11
white,696,3,FALSE,9
white,696,4,FALSE,10
white,702,3,FALSE,9
white,702,4,FALSE,10
white,708,3,FALSE,9
white,708,4,FALSE,10
white,714,3,FALSE,9
white,714,4,FALSE,10
white,720,3,FALSE,8
white,720,4,FALSE,9
white,726,4,FALSE,9
white,726,5,FALSE,10
white,732,4,FALSE,9
white,732,5,FALSE,10
white,738,4,FALSE,10
white,738,5,FALSE,11
white,744,4,FALSE,9
white,744,5,FALSE,10
white,750,5,FALSE,11
white,750,6,FALSE,12
white,756,5,FALSE,10
white,756,6,FALSE,11
white,762,5,FALSE,11
white,762,6,FALSE,12
white,768,7,FALSE,14
white,768,8,FALSE,15
white,768,9,FALSE,16
white,774,7,FALSE,15
white,774,8,FALSE,16
white,774,9,FALSE,17
white,780,8,FALSE,15
white,780,9,FALSE,16
white,786,8,FALSE,16
white,786,9,FALSE,17
white,786,10,FALSE,18
white,792,8,FALSE,16
white,792,9,FALSE,17
white,792,10,FALSE,18
white,798,7,FALSE,13
white,798,8,FALSE,14
white,804,8,FALSE,14
white,804,9,FALSE,15
white,810,9,FALSE,15
white,810,10,FALSE,16
white,816,8,FALSE,14
white,816,9,FALSE,15
white,822,9,FALSE,15
white,822,10,FALSE,16
white,828,10,FALSE,16
white,828,11,FALSE,17
white,828,12,FALSE,18
white,834,11,FALSE,18
white,834,12,FALSE,19
white,840,11,FALSE,18
white,840,12,FALSE,19
white,840,13,FALSE,20
white,846,14,FALSE,21
white,846,15,FALSE,22
white,846,16,FALSE,23
white,852,16,FALSE,24
white,852,17,FALSE,25
white,852,18,FALSE,26
white,858,18,FALSE,26
white,858,19,FALSE,27
white,858,20,FALSE,28
white,864,20,FALSE,28
white,864,21,FALSE,29
white,864,22,FALSE,30
white,864,23,FALSE,31
white,870,23,FALSE,32
white,870,24,FALSE,33
white,870,25,FALSE,34
white,870,26,FALSE,35
white,876,28,FALSE,38
white,876,29,FALSE,39
white,876,30,FALSE,40
white,876,31,FALSE,41
white,882,40,FALSE,51
white,882,41,FALSE,52
white,882,42,FALSE,53
white,882,43,FALSE,54
white,882,44,FALSE,55
white,882,45,FALSE,56
white,888,51,FALSE,63
white,888,52,FALSE,64
white,888,53,FALSE,65
white,888,54,FALSE,66
white,888,55,FALSE,67
white,888,56,FALSE,68
white,888,57,FALSE,69
white,894,55,FALSE,67
white,894,56,FALSE,68
white,894,57,FALSE,69
white,894,58,FALSE,70
white,894,59,FALSE,71
white,894,60,FALSE,72
white,894,61,FALSE,73
white,900,55,FALSE,67
white,900,56,FALSE,68
white,900,57,FALSE,69
white,900,58,FALSE,70
white,900,59,FALSE,71
white,900,60,FALSE,72
white,906,48,FALSE,57
white,906,49,FALSE,58
white,906,50,FALSE,59
white,906,51,FALSE,60
white,906,52,FALSE,61
white,912,34,FALSE,41
white,912,35,FALSE,42
white,912,36,FALSE,43
white,912,37,FALSE,44
white,918,19,FALSE,23
white,918,20,FALSE,24
white,924,12,FALSE,12
white,930,6,FALSE,6
